{"cameraMode":{"drawMode":0,"name":"Shaded","section":"Shading Mode"},"sceneLighting":true,"audioPlay":false,"sceneViewState":{"showFog":true,"showMaterialUpdate":false,"showSkybox":true,"showFlares":true,"showImageEffects":true,"showParticleSystems":true},"in2DMode":false,"pivot":{"x":7.939453125,"y":1.563720703125,"z":17.02978515625},"rotation":{"x":0.021945806220173837,"y":-0.9071304798126221,"z":0.04766523092985153,"w":0.4175651967525482},"size":8.927932739257813,"orthographic":true}